NHSR,NHSR_ons,NHSR_name,area,popT,popT1,popT2,popT3,popM,popM1,popM2,popM3,popF,popF1,popF2,popF3,income,density
Y56,E40000003,London,1573.53899,8908081,2116986,6041468,749627,4448930,1084161,3036902,327867,4459151,1032825,3004566,421760,31619.81386,5661.175895
Y59,E40000005,South East,18687.33486,8852361,1988135,5600653,1263573,4361159,1021025,2778053,562081,4491202,967110,2822600,701492,31441.51666,473.7091226
Y58,E40000006,South West,23866.25766,5605997,1166036,3541652,898309,2758158,597207,1756891,404060,2847839,568829,1784761,494249,27661.21766,234.8921679
Y61,E40000007,East of England,19779.48104,6493188,1481147,4092931,919110,3199952,759703,2027465,412784,3293236,721444,2065466,506326,29887.95978,328.278987
Y60,E40000008,Midlands,27581.42423,10537679,2377791,6731119,1428769,5216783,1218075,3356237,642471,5320896,1159716,3374882,786298,26773.28356,382.0571017
Y63,E40000009,North East and Yorkshire,29545.65588,8566925,1874139,5520334,1172452,4222136,959785,2741225,521126,4344789,914354,2779109,651326,25621.72256,289.9554856
Y62,E40000010,North West,9383.266948,7012947,1580620,4507507,924820,3460824,810827,2237833,412164,3552123,769793,2269674,512656,25173.73667,747.3886269
